year,Price,kms_driven,fuel_type,Brand,Model
2007,80000.0,45000.0,Petrol,Hyundai,Santro Xing XO eRLX Euro III
2006,425000.0,40.0,Diesel,Mahindra,Jeep CL550 MDI
2014,325000.0,28000.0,Petrol,Hyundai,Grand i10 Magna 1.2 Kappa VTVT
2014,575000.0,36000.0,Diesel,Ford,EcoSport Titanium 1.5L TDCi
2012,175000.0,41000.0,Diesel,Ford,Figo
2013,190000.0,25000.0,Petrol,Hyundai,Eon
2016,830000.0,24530.0,Diesel,Ford,EcoSport Ambiente 1.5L TDCi
2015,250000.0,60000.0,Petrol,Maruti,Suzuki Alto K10 VXi AMT
2010,182000.0,60000.0,Petrol,Skoda,Fabia Classic 1.2 MPI
2015,315000.0,30000.0,Petrol,Maruti,Suzuki Stingray VXi
2014,415000.0,32000.0,Petrol,Hyundai,Elite i20 Magna 1.2
2015,320000.0,48660.0,Diesel,Mahindra,Scorpio SLE BS IV
2007,80000.0,45000.0,Petrol,Hyundai,Santro Xing XO eRLX Euro III
2006,425000.0,40.0,Diesel,Mahindra,Jeep CL550 MDI
2017,1000000.0,4000.0,Petrol,Audi,A8
2014,500000.0,16934.0,Diesel,Audi,Q7
2016,350000.0,43000.0,Diesel,Mahindra,Scorpio S10
2014,160000.0,35550.0,Petrol,Maruti,Suzuki Alto 800
2016,350000.0,43000.0,Diesel,Mahindra,Scorpio S10
2016,310000.0,39522.0,Diesel,Mahindra,Scorpio S10
2015,75000.0,39000.0,Petrol,Maruti,Suzuki Alto 800 Vxi
2012,100000.0,55000.0,Petrol,Hyundai,i20 Sportz 1.2
2012,100000.0,55000.0,Petrol,Hyundai,i20 Sportz 1.2
2012,100000.0,55000.0,Petrol,Hyundai,i20 Sportz 1.2
2017,190000.0,72000.0,Petrol,Maruti,Suzuki Alto 800 Lx
2016,290000.0,15975.0,Diesel,Maruti,Suzuki Vitara Brezza ZDi
2008,95000.0,70000.0,Petrol,Maruti,Suzuki Alto LX
2017,180000.0,23452.0,Diesel,Mahindra,Bolero DI
2014,385000.0,35522.0,Diesel,Maruti,Suzuki Swift Dzire ZDi
2015,250000.0,48508.0,Diesel,Mahindra,Scorpio S10 4WD
2017,180000.0,15487.0,Petrol,Maruti,Suzuki Swift Vdi BSIII
2013,105000.0,39000.0,Petrol,Maruti,Suzuki Wagon R VXi BS III
2013,105000.0,39000.0,Petrol,Maruti,Suzuki Wagon R VXi Minor
2012,650000.0,82000.0,Diesel,Toyota,Innova 2.0 G 8 STR BS IV
2018,689999.0,20000.0,Diesel,Renault,Lodgy 85 PS RXL
2012,448000.0,68000.0,Diesel,Skoda,Yeti Ambition 2.0 TDI CR 4x2
2017,549000.0,32000.0,Diesel,Maruti,Suzuki Baleno Delta 1.2
2012,501000.0,38000.0,Diesel,Renault,Duster 110 PS RxZ Diesel Plus
2013,489999.0,27000.0,Diesel,Renault,Duster 85 PS RxE Diesel
2011,280000.0,33000.0,Petrol,Honda,City 1.5 S MT
2015,250000.0,60000.0,Petrol,Maruti,Suzuki Alto K10 VXi AMT
2013,349999.0,46000.0,Diesel,Maruti,Suzuki Dzire
2013,284999.0,46000.0,Diesel,Honda,Amaze
2015,345000.0,36000.0,Diesel,Honda,Amaze 1.5 SX i DTEC
2015,499999.0,55000.0,Petrol,Honda,City
2017,235000.0,16000.0,Petrol,Datsun,Redi GO S
2010,249999.0,36000.0,Petrol,Maruti,Suzuki SX4 ZXI MT
2015,1475000.0,47000.0,Diesel,Mitsubishi,Pajero Sport Limited Edition
2017,180000.0,23452.0,Diesel,Mahindra,Bolero DI
2014,385000.0,35522.0,Diesel,Maruti,Suzuki Swift Dzire ZDi
2015,250000.0,48508.0,Diesel,Mahindra,Scorpio S10 4WD
2017,180000.0,15487.0,Petrol,Maruti,Suzuki Swift Vdi BSIII
2013,105000.0,39000.0,Petrol,Maruti,Suzuki Wagon R VXi BS III
2013,105000.0,39000.0,Petrol,Maruti,Suzuki Wagon R VXi Minor
2015,395000.0,35000.0,Diesel,Mahindra,Scorpio S10
2017,220000.0,30874.0,Petrol,Maruti,Suzuki Swift VXi 1.2 ABS BS IV
2017,170000.0,15000.0,Diesel,Honda,City ZX CVT
2013,85000.0,29685.0,Petrol,Maruti,Suzuki Wagon R LX BS IV
2012,175000.0,41000.0,Diesel,Ford,Figo
2013,190000.0,25000.0,Petrol,Hyundai,Eon
2017,200000.0,130000.0,Diesel,Tata,Indigo eCS LS CR4 BS IV
2016,830000.0,24530.0,Diesel,Ford,EcoSport Ambiente 1.5L TDCi
2017,200000.0,130000.0,Diesel,Tata,Indigo eCS LS CR4 BS IV
2012,570000.0,19000.0,Diesel,Mahindra,Scorpio SLE BS IV
2014,315000.0,60000.0,Petrol,Volkswagen,Polo Highline Exquisite P
2010,182000.0,60000.0,Petrol,Skoda,Fabia Classic 1.2 MPI
2015,315000.0,30000.0,Petrol,Maruti,Suzuki Stingray VXi
2010,110000.0,41000.0,Petrol,Chevrolet,Spark LS 1.0
2012,501000.0,35000.0,Diesel,Renault,Duster 110PS Diesel RxZ
2015,448999.0,54000.0,Petrol,Honda,City
2013,1891111.0,13000.0,Petrol,Mini,Cooper S 1.6
2017,235000.0,16000.0,Petrol,Datsun,Redi GO S
2011,159500.0,38200.0,Diesel,Skoda,Fabia 1.2L Diesel Ambiente
2015,344999.0,22000.0,Petrol,Honda,Amaze
2015,344999.0,22000.0,Petrol,Honda,Amaze
2014,449999.0,50000.0,Diesel,Renault,Duster
2013,1891111.0,13500.0,Petrol,Mini,Cooper S 1.6
2015,865000.0,30000.0,Diesel,Mahindra,Scorpio S4
2014,699000.0,50000.0,Diesel,Mahindra,Scorpio VLX 2WD BS IV
2013,375000.0,20000.0,Diesel,Mahindra,Quanto C8
2017,489999.0,39000.0,Petrol,Ford,EcoSport
2012,224999.0,30000.0,Petrol,Honda,Brio
2019,1200000.0,3600.0,Diesel,Volkswagen,Vento Highline Plus 1.5 Diesel AT
2009,195000.0,32000.0,Petrol,Hyundai,i20 Magna
2010,351000.0,38000.0,Diesel,Toyota,Corolla Altis Diesel D4DG
2008,160000.0,45000.0,Petrol,Hyundai,Verna Transform SX VTVT
2009,240000.0,35000.0,Petrol,Toyota,Corolla Altis Petrol Ltd
2005,90000.0,50000.0,Petrol,Honda,City 1.5 EXi New
2014,415000.0,32000.0,Petrol,Hyundai,Elite i20 Magna 1.2
2011,155000.0,45863.0,Diesel,Skoda,Fabia 1.2L Diesel Elegance
2011,600000.0,60500.0,Petrol,BMW,3 Series 320i
2011,189500.0,12500.0,Petrol,Maruti,Suzuki A Star Lxi
2013,350000.0,60000.0,Diesel,Toyota,Etios GD
2012,210000.0,35000.0,Diesel,Ford,Figo Diesel EXI Option
2014,390000.0,35000.0,Petrol,Maruti,Suzuki Swift Dzire VXi 1.2 BS IV
2012,135000.0,45000.0,Diesel,Chevrolet,Beat LT Diesel
2009,1600000.0,35000.0,Petrol,BMW,7 Series 740Li Sedan
2013,701000.0,38000.0,Diesel,Mahindra,XUV500 W8 AWD 2013
2014,265000.0,18000.0,Petrol,Hyundai,i10 Magna 1.2
2015,525000.0,35000.0,Diesel,Hyundai,Verna Fluidic New
2013,372000.0,13349.0,Petrol,Maruti,Suzuki Swift VXi 1.2 BS IV
2016,635000.0,29000.0,Petrol,Maruti,Suzuki Ertiga ZXI Plus
2014,550000.0,44000.0,Diesel,Ford,EcoSport Titanium 1.5L TDCi
2016,575000.0,29000.0,Petrol,Maruti,Suzuki Ertiga Vxi
2013,485000.0,42000.0,Diesel,Maruti,Suzuki Ertiga VDi
2012,155000.0,14000.0,Petrol,Maruti,Suzuki Alto LXi BS III
2014,345000.0,49000.0,Diesel,Hyundai,Grand i10 Asta 1.1 CRDi
2014,325000.0,42000.0,Petrol,Honda,Amaze 1.2 S i VTEC
2012,329500.0,36200.0,Diesel,Hyundai,i20 Asta 1.4 CRDI 6 Speed
2014,195000.0,50000.0,Diesel,Ford,Figo Diesel EXI
2015,251111.0,55000.0,Petrol,Maruti,Suzuki Eeco 5 STR WITH AC HTR
2014,569999.0,45000.0,Petrol,Maruti,Suzuki Ertiga ZXi
2007,69999.0,51000.0,Petrol,Maruti,Suzuki Esteem LXi BS III
2014,299999.0,19000.0,Petrol,Maruti,Suzuki Ritz VXI
2009,220000.0,46000.0,Petrol,Maruti,Suzuki Dzire
2013,399999.0,33000.0,Diesel,Maruti,Suzuki Ritz LDi
2013,372000.0,13349.0,Petrol,Maruti,Suzuki Swift VXi 1.2 BS IV
2015,450000.0,104000.0,Diesel,Maruti,Suzuki Dzire VDI
2014,270000.0,55000.0,Petrol,Toyota,Etios Liva G
2011,350000.0,33333.0,Diesel,Hyundai,i20 Sportz 1.4 CRDI
2012,158400.0,33600.0,Petrol,Chevrolet,Spark
2017,350000.0,5600.0,Petrol,Maruti,Suzuki Alto K10 VXi AMT
2011,179000.0,41000.0,Petrol,Nissan,Micra XV
2007,125000.0,70000.0,Petrol,Maruti,Suzuki Swift
2018,200000.0,7500.0,Petrol,Maruti,Suzuki Alto 800
2013,299000.0,45000.0,Diesel,Honda,Amaze 1.5 S i DTEC
2015,220000.0,38000.0,Petrol,Maruti,Suzuki Alto 800 Vxi
2015,150000.0,30000.0,Petrol,Chevrolet,Beat
2010,285000.0,35000.0,Petrol,Honda,City 1.5 V MT
2016,830000.0,24330.0,Diesel,Ford,EcoSport Trend 1.5L TDCi
2009,210000.0,65480.0,Petrol,Hyundai,i20 Asta 1.2
2013,340000.0,41000.0,Petrol,Maruti,Suzuki Swift Dzire VXi 1.2 BS IV
2006,90000.0,20000.0,Petrol,Tata,Indica V2 eLS
2000,70000.0,200000.0,Diesel,Hindustan,Motors Ambassador
2010,289999.0,70000.0,Petrol,Toyota,Corolla Altis 1.8 GL
2012,349999.0,59000.0,Petrol,Toyota,Corolla Altis 1.8 J
2012,849999.0,99000.0,Diesel,Toyota,Innova 2.5 GX BS IV 7 STR
2014,749999.0,46000.0,Diesel,Volkswagen,Jetta Highline TDI AT
2015,399999.0,2800.0,Petrol,Volkswagen,Polo Comfortline 1.2L P
2014,274999.0,32000.0,Petrol,Volkswagen,Polo
2015,984999.0,22000.0,Diesel,Mahindra,Scorpio
2014,449999.0,50000.0,Diesel,Renault,Duster
2015,344999.0,22000.0,Petrol,Honda,Amaze
2012,224999.0,45000.0,Petrol,Nissan,Sunny
2018,599999.0,21000.0,Petrol,Hyundai,Elite i20
2016,244999.0,11000.0,Petrol,Renault,Kwid
2013,399999.0,41000.0,Diesel,Renault,Duster
2017,489999.0,39000.0,Petrol,Ford,EcoSport
2014,474999.0,50000.0,Diesel,Renault,Duster
2011,499999.0,66000.0,Diesel,Mahindra,Scorpio VLX Airbag
2018,310000.0,3000.0,Petrol,Maruti,Suzuki Alto 800 Lxi
2010,85000.0,45000.0,Petrol,Chevrolet,Spark LT 1.0
2016,245000.0,7000.0,Petrol,Datsun,Redi GO T O
2010,189500.0,38500.0,Diesel,Maruti,Suzuki Swift RS VDI
2012,169500.0,37200.0,Diesel,Fiat,Punto Emotion 1.2
2010,159500.0,43200.0,Diesel,Maruti,Suzuki Swift RS VDI
2013,275000.0,24800.0,Petrol,Toyota,Etios GD
2014,370000.0,60000.0,Diesel,Hyundai,i20 Sportz 1.4 CRDI
2010,168000.0,45872.0,Petrol,Hyundai,i10 Sportz 1.2
2011,150000.0,40000.0,Diesel,Chevrolet,Beat LT Opt Diesel
2011,145000.0,45000.0,Diesel,Chevrolet,Beat LS Diesel
2012,98500.0,38000.0,Diesel,Chevrolet,Beat LT Diesel
2014,699000.0,50000.0,Diesel,Mahindra,Scorpio VLX 2WD BS IV
2011,85000.0,11400.0,Diesel,Tata,Indigo CS
2015,575000.0,42000.0,Petrol,Toyota,Corolla Altis 1.8 J
2014,549000.0,39000.0,Petrol,Honda,City 1.5 V MT
2011,209000.0,47000.0,Diesel,Maruti,Suzuki Swift VDi
2013,185000.0,27000.0,Petrol,Hyundai,Eon Era Plus
2015,900000.0,97200.0,Diesel,Mahindra,Scorpio S10
2014,699999.0,52000.0,Diesel,Mahindra,XUV500
2012,224999.0,30000.0,Petrol,Honda,Brio
2011,274999.0,55000.0,Diesel,Ford,Fiesta
2013,284999.0,46000.0,Diesel,Honda,Amaze
2015,599999.0,30000.0,Diesel,Honda,City
2012,199999.0,44000.0,Petrol,Maruti,Suzuki Wagon R
2014,544999.0,45000.0,Diesel,Honda,City
2009,199000.0,31000.0,Petrol,Hyundai,i20
2016,320000.0,175430.0,Diesel,Tata,Indigo eCS LX TDI BS III
2015,540000.0,38000.0,Diesel,Hyundai,Fluidic Verna 1.6 CRDi SX
2013,340000.0,37000.0,Diesel,Mahindra,Quanto C8
2008,75000.0,65000.0,Petrol,Fiat,Petra ELX 1.2 PS
2011,159500.0,38200.0,Diesel,Skoda,Fabia 1.2L Diesel Ambiente
2013,1891111.0,13000.0,Petrol,Mini,Cooper S 1.6
2005,49000.0,7500.0,Petrol,Hyundai,Santro Xing XS
2016,700000.0,3350.0,Petrol,Maruti,Suzuki Ciaz VXi Plus
2000,55000.0,60000.0,Petrol,Maruti,Suzuki Zen VX
2015,448999.0,54000.0,Petrol,Honda,City
2017,895000.0,32000.0,Petrol,Hyundai,Creta 1.6 SX Plus Petrol
2007,355000.0,75000.0,Diesel,Mahindra,Scorpio SLX
2012,565000.0,62000.0,Diesel,Mahindra,Scorpio SLE BS IV
2006,365000.0,73000.0,Diesel,Toyota,Innova 2.5 G BS III 8 STR
2011,145000.0,41000.0,Petrol,Maruti,Suzuki Alto K10 VXi AMT
2011,210000.0,35000.0,Petrol,Maruti,Suzuki Wagon R LXI BS IV
2013,40000.0,2200.0,Petrol,Tata,Nano Cx BSIV
2013,125000.0,39000.0,Petrol,Maruti,Suzuki Alto Std BS IV
2009,135000.0,45000.0,Petrol,Maruti,Suzuki Wagon R LXi BS III
2006,135000.0,45000.0,Petrol,Maruti,Suzuki Swift VXI BSIII
2012,285000.0,65000.0,Diesel,Tata,Sumo Victa EX 10 by 7 Str BSIII
2010,145000.0,54870.0,Petrol,Maruti,Suzuki Wagon R LXi BS III
2010,135000.0,34580.0,Petrol,Maruti,Suzuki Alto LXi BS III
2009,450000.0,97000.0,Diesel,Volkswagen,Passat Diesel Comfortline AT
2015,375000.0,25000.0,Diesel,Renault,Scala RxL Diesel Travelogue
2013,375000.0,20000.0,Diesel,Mahindra,Quanto C8
2014,365000.0,20000.0,Petrol,Hyundai,Grand i10 Sportz O 1.2 Kappa VTVT
2015,500000.0,18000.0,Petrol,Hyundai,i20 Active 1.2 SX
2012,400000.0,35000.0,Diesel,Mahindra,Xylo E4
2019,390000.0,60.0,Diesel,Mahindra,Jeep MM 550 XDB
2012,501000.0,35000.0,Diesel,Renault,Duster 110PS Diesel RxZ
2013,330000.0,80200.0,Diesel,Mahindra,Bolero SLE BS IV
2015,580000.0,3200.0,Diesel,Force,Motors Force One LX ABS 7 STR
2012,265000.0,46000.0,Diesel,Maruti,Suzuki SX4
2019,379000.0,0.0,Diesel,Mahindra,Jeep CL550 MDI
2015,219000.0,5000.0,Petrol,Maruti,Suzuki Alto 800
2018,385000.0,588.0,Diesel,Mahindra,Jeep CL550 MDI
2011,275000.0,36000.0,Diesel,Toyota,Etios
2015,330000.0,38000.0,Diesel,Volkswagen,Polo
2008,110000.0,45000.0,Petrol,Honda,City ZX VTEC
2006,80000.0,71200.0,Petrol,Maruti,Suzuki Wagon R LX BS III
2016,519000.0,52000.0,Diesel,Honda,City VX O MT Diesel
2016,730000.0,29000.0,Diesel,Mahindra,Thar CRDe 4x4 AC
2015,1475000.0,47000.0,Diesel,Mitsubishi,Pajero Sport Limited Edition
2009,699000.0,47000.0,Petrol,Audi,A4 1.8 TFSI Multitronic Premium Plus
2015,2000000.0,20000.0,Diesel,Mercedes,Benz GLA Class 200 CDI Sport
2015,2100000.0,30000.0,Diesel,Land,Rover Freelander 2 SE
2017,340000.0,5000.0,Petrol,Renault,Kwid RXT
2014,390000.0,35000.0,Diesel,Tata,Aria Pleasure 4X2
2014,1400000.0,31000.0,Petrol,Mercedes,Benz B Class B180 Sports
2016,245000.0,7000.0,Petrol,Datsun,GO T O
2016,320000.0,175430.0,Diesel,Tata,Indigo eCS LX TDI BS III
2016,320000.0,175400.0,Diesel,Tata,Indigo eCS LX TDI BS III
2016,450000.0,41000.0,Petrol,Honda,Jazz VX MT
2014,311000.0,33000.0,Petrol,Honda,Amaze 1.2 S i VTEC
2013,284999.0,46000.0,Diesel,Honda,Amaze
2012,399999.0,45000.0,Petrol,Honda,City
2015,599999.0,39000.0,Diesel,Honda,City
2015,344999.0,22000.0,Petrol,Honda,Amaze
2009,699000.0,47000.0,Petrol,Audi,A4 1.8 TFSI Multitronic Premium Plus
2015,580000.0,3200.0,Diesel,Force,Motors Force One LX ABS 7 STR
2015,855000.0,30000.0,Diesel,Mahindra,Scorpio S4
2015,535000.0,37000.0,Diesel,Hyundai,i20 Active 1.4L SX O
2013,1891111.0,13000.0,Petrol,Mini,Cooper S
2017,699000.0,14000.0,Petrol,Maruti,Suzuki Ciaz ZXI Plus
2013,375000.0,55000.0,Diesel,Chevrolet,Tavera Neo
2013,284999.0,46000.0,Diesel,Honda,Amaze
2012,178000.0,30000.0,Petrol,Hyundai,Eon Sportz
2013,300000.0,50000.0,Diesel,Tata,Sumo Gold Select Variant
2003,90000.0,45000.0,Petrol,Maruti,Suzuki Wagon R 1.0
2006,95000.0,45000.0,Petrol,Maruti,Suzuki Esteem VXi BS III
2015,255000.0,9300.0,Petrol,Maruti,Suzuki Eeco 5 STR WITH AC HTR
2013,245000.0,55000.0,Diesel,Chevrolet,Enjoy 1.4 LS 8 STR
2012,329500.0,36200.0,Diesel,Hyundai,i20 Asta 1.4 CRDI 6 Speed
2014,195000.0,50000.0,Diesel,Ford,Figo Diesel EXI
2015,251111.0,55000.0,Petrol,Maruti,Suzuki Eeco 5 STR WITH AC HTR
2014,569999.0,45000.0,Petrol,Maruti,Suzuki Ertiga ZXi
2007,69999.0,51000.0,Petrol,Maruti,Suzuki Esteem LXi BS III
2014,299999.0,19000.0,Petrol,Maruti,Suzuki Ritz VXI
2009,220000.0,46000.0,Petrol,Maruti,Suzuki Dzire
2013,399999.0,33000.0,Diesel,Maruti,Suzuki Ritz LDi
2010,249999.0,36000.0,Petrol,Maruti,Suzuki SX4 ZXI MT
2015,289999.0,22000.0,Petrol,Maruti,Suzuki Wagon R 1.0 VXi
2013,1891111.0,13500.0,Petrol,Mini,Cooper S 1.6
2015,499999.0,60000.0,Diesel,Nissan,Terrano XL D Plus
2013,489999.0,27000.0,Diesel,Renault,Duster 85 PS RxE Diesel
2014,489999.0,59000.0,Diesel,Renault,Duster 85 PS RxE Diesel
2015,549999.0,19000.0,Diesel,Renault,Duster 85 PS RxL Diesel
2013,380000.0,30000.0,Petrol,Maruti,Suzuki Dzire ZXI
2018,325000.0,15000.0,Petrol,Renault,Kwid RXT Opt
2003,57000.0,56758.0,Petrol,Maruti,Suzuki Maruti 800 Std
2018,349999.0,10000.0,Petrol,Renault,Kwid 1.0 RXT AMT
2018,689999.0,20000.0,Diesel,Renault,Lodgy 85 PS RXL
2014,349999.0,49000.0,Diesel,Renault,Scala RxL Diesel
2014,410000.0,41000.0,Petrol,Hyundai,Grand i10 Asta 1.2 Kappa VTVT O
2011,225000.0,45000.0,Petrol,Maruti,Suzuki Swift Dzire VXi 1.2 BS IV
2010,120000.0,43000.0,Petrol,Chevrolet,Beat LS Petrol
2016,320000.0,175430.0,Diesel,Tata,Indigo eCS LX TDI BS III
2000,59000.0,56450.0,Petrol,Hyundai,Santro Xing XO eRLX Euro III
2015,540000.0,38000.0,Diesel,Hyundai,Fluidic Verna 1.6 CRDi SX
2010,80000.0,56000.0,Petrol,Chevrolet,Beat LS Petrol
2013,340000.0,37000.0,Diesel,Mahindra,Quanto C8
2008,75000.0,65000.0,Petrol,Fiat,Petra ELX 1.2 PS
2015,220000.0,32700.0,Petrol,Chevrolet,Beat LS Petrol
2011,159500.0,38200.0,Diesel,Skoda,Fabia 1.2L Diesel Ambiente
2016,599000.0,30000.0,Diesel,Ford,EcoSport Titanium 1.5L TDCi
2006,80000.0,56000.0,Petrol,Hyundai,Accent GLX
2016,675000.0,9000.0,Diesel,Mahindra,TUV300 T4 Plus
2013,1891111.0,13000.0,Petrol,Mini,Cooper S 1.6
2013,1891111.0,13000.0,Petrol,Mini,Cooper S 1.6
2008,150000.0,11000.0,Petrol,Tata,Indica V2 Xeta e GLE
2013,1891111.0,13000.0,Petrol,Mini,Cooper S
2009,72500.0,46000.0,Diesel,Tata,Indigo CS LS DiCOR
2019,610000.0,73.0,Petrol,Maruti,Suzuki Swift VXi 1.2 ABS BS IV
2004,230000.0,160000.0,Diesel,Mahindra,Scorpio VLX Special Edition BS III
2009,175000.0,58559.0,Petrol,Honda,Accord
2015,855000.0,30000.0,Diesel,Mahindra,Scorpio S4
2013,375000.0,55000.0,Diesel,Chevrolet,Tavera Neo
2014,520000.0,57000.0,Diesel,Ford,EcoSport Titanium 1.5 TDCi
2015,524999.0,50000.0,Diesel,Maruti,Suzuki Ertiga
2014,299999.0,37000.0,Petrol,Honda,Amaze
2012,299999.0,40000.0,Petrol,Maruti,Suzuki Dzire
2011,284999.0,55000.0,Petrol,Honda,City
2007,220000.0,170000.0,Diesel,Mahindra,Scorpio 2.6 CRDe
2014,424999.0,55000.0,Diesel,Maruti,Suzuki Dzire
2015,644999.0,39000.0,Petrol,Honda,City
2014,399999.0,44000.0,Petrol,Honda,Mobilio
2009,199999.0,65000.0,Petrol,Toyota,Corolla Altis
2014,584999.0,39000.0,Petrol,Honda,City
2012,349999.0,44000.0,Diesel,Skoda,Laura
2015,449999.0,49000.0,Diesel,Renault,Duster
2018,799999.0,9000.0,Diesel,Maruti,Suzuki Ertiga
2015,444999.0,45000.0,Diesel,Maruti,Suzuki Dzire
2014,649999.0,47000.0,Diesel,Mahindra,XUV500
2012,444999.0,40000.0,Diesel,Hyundai,Verna Fluidic
2016,689999.0,29000.0,Diesel,Maruti,Suzuki Vitara Brezza
2016,344999.0,15000.0,Petrol,Maruti,Suzuki Wagon R
2015,944999.0,45000.0,Diesel,Mahindra,Scorpio
2014,274999.0,35000.0,Petrol,Honda,Amaze
2013,689999.0,80000.0,Diesel,Mahindra,XUV500
2013,574999.0,68000.0,Diesel,Mahindra,Scorpio
2013,374999.0,50000.0,Diesel,Skoda,Laura
2010,199999.0,60000.0,Diesel,Volkswagen,Polo
2016,549999.0,9000.0,Petrol,Hyundai,Elite i20
2012,130000.0,72000.0,Diesel,Tata,Manza Aura Quadrajet
2013,210000.0,60000.0,Petrol,Chevrolet,Sail UVA Petrol LT ABS
2012,501000.0,38000.0,Diesel,Renault,Duster 110 PS RxZ Diesel Plus
2013,401000.0,45000.0,Diesel,Hyundai,Verna Fluidic 1.6 VTVT SX
2012,1350000.0,40000.0,Diesel,Audi,A4 2.0 TDI 177bhp Premium
2013,600000.0,20000.0,Petrol,Hyundai,Elantra SX
2013,610000.0,35000.0,Diesel,Mahindra,Scorpio VLX 4WD Airbag
2016,400000.0,20000.0,Diesel,Mahindra,KUV100 K8 D 6 STR
2015,375000.0,25000.0,Diesel,Renault,Scala RxL Diesel Travelogue
2013,375000.0,20000.0,Diesel,Mahindra,Quanto C8
2014,365000.0,20000.0,Petrol,Hyundai,Grand i10 Sportz O 1.2 Kappa VTVT
2015,500000.0,18000.0,Petrol,Hyundai,i20 Active 1.2 SX
2012,400000.0,35000.0,Diesel,Mahindra,Xylo E4
2017,524999.0,6821.0,Petrol,Hyundai,Grand i10
2014,449999.0,23000.0,Petrol,Hyundai,i20
2014,174999.0,14000.0,Petrol,Hyundai,Eon
2012,244999.0,38000.0,Petrol,Hyundai,i10
2015,574999.0,35000.0,Diesel,Hyundai,i20 Active
2017,244999.0,22000.0,Petrol,Datsun,Redi GO
2011,239999.0,41000.0,Petrol,Toyota,Etios Liva
2010,99999.0,45000.0,Petrol,Hyundai,Accent
2014,489999.0,44000.0,Diesel,Hyundai,Verna
2013,324999.0,45000.0,Diesel,Maruti,Suzuki Swift
2011,1074999.0,52000.0,Diesel,Toyota,Fortuner
2012,230000.0,34000.0,Petrol,Hyundai,i10 Sportz
2018,699000.0,1800.0,Diesel,Mahindra,Bolero Power Plus SLE
2015,1000000.0,15000.0,Diesel,Mahindra,XUV500
2010,240000.0,400000.0,Petrol,Honda,City 1.5 V MT Exclusive
2009,110000.0,44000.0,Petrol,Chevrolet,Spark LT 1.0 Airbag
2019,390000.0,60.0,Diesel,Mahindra,Jeep MM 550 XDB
2012,501000.0,35000.0,Diesel,Renault,Duster 110PS Diesel RxZ
2016,1130000.0,72000.0,Diesel,Mahindra,XUV500
2014,250000.0,40000.0,Diesel,Tata,Indigo eCS VX CR4 BS IV
2013,330000.0,80200.0,Diesel,Mahindra,Bolero SLE BS IV
2015,580000.0,3200.0,Diesel,Force,Motors Force One LX ABS 7 STR
2013,340000.0,48000.0,Diesel,Skoda,Rapid Elegance 1.6 TDI CR MT
2011,120000.0,90000.0,Diesel,Tata,Vista Quadrajet VX
2015,265000.0,12000.0,Petrol,Maruti,Suzuki Alto K10 VXi AT
2012,265000.0,46000.0,Diesel,Maruti,Suzuki SX4
2003,85000.0,69900.0,Petrol,Maruti,Suzuki Zen LXi BS III
2019,379000.0,0.0,Diesel,Mahindra,Jeep CL550 MDI
2011,175000.0,45000.0,Petrol,Hyundai,i10 Magna 1.2
2015,219000.0,5000.0,Petrol,Maruti,Suzuki Alto 800
2016,350000.0,166000.0,Diesel,Maruti,Suzuki Swift Dzire Tour LDi
2008,149000.0,42000.0,Petrol,Honda,City ZX EXi
2018,385000.0,588.0,Diesel,Mahindra,Jeep CL550 MDI
2006,425000.0,122.0,Diesel,Mahindra,Jeep MM 550 XDB
2017,150000.0,62000.0,Diesel,Chevrolet,Beat Diesel
2010,225000.0,70000.0,Petrol,Honda,City 1.5 S MT
2014,375000.0,36000.0,Petrol,Hyundai,Verna 1.4 VTVT
2012,770000.0,0.0,Diesel,Toyota,Innova 2.5 E MS 7 STR BS IV
1995,30000.0,55000.0,Petrol,Maruti,Suzuki Maruti 800 Std – Befo
2011,275000.0,36000.0,Diesel,Toyota,Etios
2015,330000.0,38000.0,Diesel,Volkswagen,Polo
2014,335000.0,55000.0,Diesel,Maruti,Suzuki Swift
2015,450000.0,20000.0,Diesel,Hyundai,Elite i20 Asta 1.4 CRDI
2012,225000.0,40000.0,Petrol,Maruti,Suzuki Swift Dzire VXi 1.2 BS IV
2004,80000.0,50000.0,Petrol,Maruti,Suzuki Versa DX2 8 SEATER BSIII
2016,130000.0,104000.0,Diesel,Tata,Indigo LX TDI BS III
2011,245000.0,65000.0,Diesel,Volkswagen,Vento Konekt Diesel Highline
2002,399000.0,41000.0,Petrol,Mercedes,Benz C Class 200 CDI Classic
2013,450000.0,90000.0,Diesel,Maruti,Suzuki Ertiga VDi
2000,65000.0,80000.0,Petrol,Honda,City
2006,75000.0,46000.0,Petrol,Hyundai,Santro Xing GLS
2001,70000.0,70000.0,Petrol,Maruti,Suzuki Omni Limited Edition
2017,190000.0,36469.0,Diesel,Hyundai,Sonata Transform 2.4 GDi MT
2018,600000.0,7800.0,Petrol,Hyundai,Elite i20 Sportz 1.2
2011,245000.0,65000.0,Diesel,Volkswagen,Vento Konekt Diesel Highline
2017,240000.0,60000.0,Petrol,Maruti,Suzuki Alto 800 Lxi
2011,155000.0,32000.0,Petrol,Maruti,Suzuki Alto LXi BS III
2009,169999.0,24695.0,Petrol,Honda,Jazz S MT
2017,450000.0,15141.0,Petrol,Hyundai,Grand i10 Sportz 1.2 Kappa VTVT
2001,40000.0,40000.0,Petrol,Maruti,Suzuki Zen LXi BSII
2012,165000.0,65000.0,Diesel,Mahindra,Scorpio W Turbo 2.6DX 9 Seater
2014,270000.0,22000.0,Petrol,Maruti,Suzuki Alto K10 VXi
2016,280000.0,59910.0,Diesel,Hyundai,Grand i10 Asta 1.2 Kappa VTVT
2012,560000.0,100000.0,Diesel,Mahindra,XUV500 W8
2016,950000.0,25000.0,Petrol,Hyundai,Creta 1.6 SX Plus Petrol
2013,310000.0,35000.0,Petrol,Hyundai,i20 Magna O 1.2
2015,715000.0,65000.0,Diesel,Renault,Duster 85 PS RxL Explore LE
2014,340000.0,35000.0,Petrol,Hyundai,Grand i10 Sportz 1.2 Kappa VTVT
2012,235000.0,33000.0,Petrol,Honda,Brio V MT
2017,610000.0,68000.0,Diesel,Mahindra,TUV300 T4 Plus
2010,95000.0,23000.0,Petrol,Chevrolet,Spark LS 1.0
2018,1000000.0,4500.0,Diesel,Mahindra,TUV300 T8
2015,220000.0,129000.0,Diesel,Maruti,Suzuki Swift Dzire Tour LDi
2019,1200000.0,300.0,Diesel,Nissan,X Trail Select Variant
2015,230000.0,5000.0,Petrol,Maruti,Suzuki Alto 800 Vxi
2001,45000.0,65000.0,Petrol,Ford,Ikon 1.3 CLXi NXt Finesse
2010,940000.0,131000.0,Diesel,Toyota,Fortuner 3.0 4x4 MT
2010,155555.0,111111.0,Petrol,Tata,Manza ELAN Quadrajet
2013,1500000.0,14000.0,Petrol,Mercedes,Benz A Class A 180 Sport Petrol
2016,210000.0,22000.0,Diesel,Chevrolet,Beat LS Diesel
2013,495000.0,38000.0,Diesel,Ford,EcoSport Trend 1.5L TDCi
2016,125000.0,70000.0,Diesel,Tata,Indigo LS
2010,195000.0,36000.0,Petrol,Hyundai,i20 Magna 1.2
2015,550000.0,34000.0,Diesel,Volkswagen,Vento Highline Plus 1.5 Diesel AT
2015,270000.0,43000.0,Petrol,Renault,Kwid RXT
2014,500000.0,40000.0,Diesel,Ford,EcoSport Titanium 1.5L TDCi
2016,240000.0,160000.0,Diesel,Honda,Amaze 1.5 E i DTEC
2017,800000.0,12000.0,Petrol,Hyundai,Verna 1.6 EX VTVT
2011,1299000.0,49000.0,Diesel,BMW,5 Series 520d Sedan
2011,530000.0,68000.0,Petrol,Skoda,Superb 1.8 TFSI AT
2013,1499000.0,37000.0,Diesel,Audi,Q3 2.0 TDI quattro Premium
2012,220000.0,59466.0,Diesel,Mahindra,Bolero DI BSII
2015,900000.0,97200.0,Diesel,Mahindra,Scorpio S10
2012,250000.0,99000.0,Diesel,Ford,Figo Duratorq Diesel Titanium 1.4
2018,395000.0,25500.0,Petrol,Maruti,Suzuki Wagon R VXI BS IV
2009,130000.0,66000.0,Petrol,Mahindra,Logan Diesel 1.5 DLS
2010,32000.0,44005.0,Petrol,Tata,Nano GenX XMA
2016,540000.0,35000.0,Diesel,Mahindra,TUV300 T4 Plus
2016,540000.0,35000.0,Diesel,Mahindra,TUV300 T4 Plus
2015,405000.0,28000.0,Petrol,Hyundai,Elite i20 Magna 1.2
2015,400000.0,30000.0,Petrol,Hyundai,Elite i20 Magna 1.2
2017,760000.0,4000.0,Petrol,Honda,City SV
2016,500000.0,28000.0,Petrol,Maruti,Suzuki Baleno Delta 1.2
2011,175000.0,75000.0,Petrol,Ford,Figo Petrol LXI
2015,900000.0,97200.0,Diesel,Mahindra,Scorpio S10
2017,750000.0,3000.0,Petrol,Honda,City
2015,419000.0,20000.0,Petrol,Hyundai,Elite i20 Magna 1.2
2004,90000.0,50000.0,Petrol,Maruti,Suzuki Versa DX2 8 SEATER BSIII
2018,140000.0,2110.0,Petrol,Hyundai,Eon Era Plus
2015,1540000.0,43222.0,Petrol,Mitsubishi,Pajero Sport Limited Edition
2008,275000.0,100200.0,Petrol,Hyundai,i10 Magna 1.2 Kappa2
2003,150000.0,100000.0,Petrol,Toyota,Corolla H2
2011,230000.0,65.0,Petrol,Maruti,Suzuki Swift Dzire Tour VXi
2015,123000.0,100000.0,Diesel,Tata,Indigo CS eLS BS IV
2015,900000.0,97200.0,Diesel,Mahindra,Scorpio S10
2015,900000.0,97200.0,Diesel,Mahindra,Scorpio S10
2016,300000.0,140000.0,Diesel,Hyundai,Xcent Base 1.1 CRDi
2015,499999.0,55000.0,Petrol,Honda,City
2009,165000.0,48000.0,Petrol,Hyundai,Accent Executive Edition
2016,498000.0,22000.0,Petrol,Maruti,Suzuki Baleno Delta 1.2
2018,480000.0,103553.0,Diesel,Tata,Zest XE 75 PS Diesel
2017,488000.0,80000.0,Diesel,Maruti,Suzuki Dzire LDI
2014,250000.0,99000.0,Diesel,Tata,Sumo Gold LX BS IV
2010,220000.0,58000.0,Petrol,Toyota,Corolla Altis GL Petrol
2013,290000.0,70000.0,LPG,Maruti,Suzuki Eeco 7 STR
2015,1525000.0,120000.0,Diesel,Toyota,Fortuner 3.0 4x2 MT
2013,548900.0,49800.0,Diesel,Mahindra,XUV500 W6
2019,650000.0,100.0,Diesel,Tata,Tigor Revotron XZ
2001,55000.0,81876.0,Petrol,Maruti,Suzuki 800
2015,550000.0,75000.0,Petrol,Maruti,Suzuki Ertiga Vxi
2004,90000.0,50000.0,Petrol,Maruti,Suzuki Versa DX2 8 SEATER BSIII
2014,399000.0,44000.0,Diesel,Honda,Mobilio S i DTEC
2016,730000.0,55000.0,Diesel,Maruti,Suzuki Ertiga
2017,725000.0,36000.0,Diesel,Maruti,Suzuki Vitara Brezza
2016,195000.0,56000.0,Diesel,Hyundai,Verna 1.6 CRDI E
2007,130000.0,62000.0,Petrol,Maruti,Suzuki Swift VXI BSIII
2015,1525000.0,120000.0,Diesel,Toyota,Fortuner 3.0 4x2 MT
2014,190000.0,6020.0,Petrol,Maruti,Suzuki Omni Select Variant
2013,250000.0,55700.0,Diesel,Honda,Amaze
2005,80000.0,42000.0,Petrol,Tata,Indica
2003,120000.0,50000.0,Petrol,Hyundai,Santro Xing
2010,149000.0,35000.0,Petrol,Maruti,Suzuki Zen Estilo
2014,250000.0,18500.0,Petrol,Maruti,Suzuki Wagon R LXI BS IV
2007,120000.0,7000.0,Petrol,Maruti,Suzuki Wagon R
2017,450000.0,11000.0,Petrol,Honda,Brio VX AT
2003,99999.0,53000.0,Petrol,Maruti,Suzuki Zen LXi BSII
2008,135000.0,23000.0,Petrol,Maruti,Suzuki Zen Estilo LXI Green CNG
2016,225000.0,35500.0,Diesel,Maruti,Suzuki Wagon R Select Variant
2010,99000.0,22134.0,Petrol,Maruti,Suzuki Alto LXi BS III
2019,370000.0,1000.0,Petrol,Renault,Kwid RXT
2010,52000.0,9000.0,Petrol,Tata,Nano Lx BSIV
2016,2800000.0,8500.0,Petrol,Jaguar,XE XE Portfolio
2014,190000.0,35000.0,Petrol,Hyundai,Eon Magna Plus
2014,499000.0,22000.0,Petrol,Honda,City 1.5 S MT
2002,90000.0,25000.0,Diesel,Hindustan,Motors Ambassador
2010,149000.0,40000.0,Petrol,Maruti,Suzuki Ritz GENUS VXI
2017,400000.0,20000.0,Petrol,Hyundai,Grand i10 Magna AT 1.2 Kappa VTVT
2016,120000.0,87000.0,Petrol,Hyundai,Eon D Lite Plus
2015,250000.0,55000.0,Petrol,Maruti,Suzuki Swift Dzire VXi 1.2 BS IV
2017,375000.0,23000.0,Petrol,Maruti,Suzuki Wagon R VXI BS IV
2014,381000.0,6000.0,Petrol,Honda,Amaze 1.2 VX i VTEC
2013,180000.0,65000.0,Petrol,Maruti,Suzuki Estilo VXi ABS BS IV
2016,580000.0,25000.0,Diesel,Maruti,Suzuki Vitara Brezza LDi O
2015,278000.0,39000.0,Petrol,Maruti,Suzuki Eeco 5 STR WITH AC HTR
2016,1000000.0,8000.0,Petrol,Hyundai,Creta 1.6 SX Plus Petrol AT
2013,690000.0,75000.0,Diesel,Mahindra,Scorpio Vlx BSIV
2012,480000.0,51000.0,Diesel,Maruti,Suzuki Ertiga VDi
2006,85000.0,50000.0,Petrol,Mitsubishi,Lancer 1.8 LXi
2001,40000.0,75000.0,Petrol,Maruti,Suzuki Maruti 800 AC
2015,90000.0,55800.0,Petrol,Maruti,Suzuki Alto 800 LXI CNG O
2015,340000.0,53000.0,Petrol,Hyundai,Grand i10 Magna 1.2 Kappa VTVT
2018,260000.0,25000.0,Petrol,Hyundai,Eon D Lite Plus
2009,250000.0,56400.0,Petrol,Ford,Fiesta SXi 1.6 ABS
2010,180000.0,72160.0,Diesel,Maruti,Suzuki Ritz VDi
2012,350000.0,10000.0,Diesel,Hyundai,Verna Fluidic New
2006,90001.0,48000.0,Petrol,Maruti,Suzuki Wagon R LXi BS III
2007,115000.0,36000.0,Petrol,Maruti,Suzuki Estilo LX BS IV
2012,1599000.0,11500.0,Diesel,Audi,A6 2.0 TDI Premium
2003,130000.0,133000.0,Petrol,Maruti,Suzuki Wagon R LXi BS III
2009,159000.0,27000.0,Petrol,Maruti,Suzuki Wagon R
2009,160000.0,35000.0,Petrol,Maruti,Suzuki Wagon R
2010,110000.0,55000.0,Petrol,Maruti,Suzuki Alto
2016,425000.0,40000.0,Petrol,Maruti,Suzuki Baleno Sigma 1.2
2019,900000.0,2000.0,Petrol,Hyundai,Verna 1.6 SX VTVT AT
2009,150000.0,45000.0,Petrol,Maruti,Suzuki Swift GLAM
2009,110000.0,20000.0,Petrol,Hyundai,Getz Prime 1.3 GVS
2000,51999.0,88000.0,Petrol,Hyundai,Santro
2009,115000.0,20000.0,Petrol,Hyundai,Getz Prime 1.3 GLX
2012,215000.0,65422.0,Diesel,Chevrolet,Beat PS Diesel
2017,580000.0,10000.0,Petrol,Ford,EcoSport Trend 1.5 Ti VCT
2013,380000.0,35000.0,Petrol,Maruti,Suzuki Dzire ZXI
2013,350000.0,117000.0,Diesel,Hyundai,Fluidic Verna 1.6 CRDi SX
2005,35000.0,150000.0,Diesel,Tata,Indica V2 DLG
2011,1150000.0,72000.0,Diesel,BMW,X1 xDrive20d xLine
2010,300000.0,10750.0,Petrol,Hyundai,i20 Asta 1.2
2009,269000.0,55000.0,Petrol,Honda,City 1.5 V AT
2013,60000.0,6800.0,Petrol,Tata,Nano
2014,400000.0,41000.0,Diesel,Chevrolet,Cruze LTZ AT
2015,430000.0,73000.0,Diesel,Hyundai,Verna Fluidic New
2011,140000.0,65000.0,Diesel,Maruti,Suzuki Swift Dzire VDi
2014,8500003.0,45000.0,Diesel,Mahindra,XUV500 W6
2018,1299000.0,40000.0,Diesel,Mahindra,XUV500 W10
2014,199000.0,37000.0,Petrol,Maruti,Suzuki Alto K10 LXi CNG
2006,90000.0,55000.0,Petrol,Hyundai,Accent GLE
2013,550000.0,140000.0,Diesel,Force,Motors One SUV
2019,265000.0,9800.0,Petrol,Maruti,Suzuki Alto
2011,100000.0,27000.0,Petrol,Chevrolet,Spark 1.0 LT
2009,215000.0,27000.0,Petrol,Hyundai,i10
2012,380000.0,20000.0,Diesel,Toyota,Etios Liva GD
2013,401919.0,57923.0,Diesel,Renault,Duster 85PS Diesel RxL Optional with Nav
2014,490000.0,30201.0,Diesel,Chevrolet,Enjoy
2017,280000.0,6200.0,Petrol,Maruti,Suzuki Alto 800 Lxi
2009,650000.0,37518.0,Petrol,BMW,5 Series 530i
2014,160000.0,24652.0,Petrol,Toyota,Etios Liva G
2004,424000.0,383.0,Diesel,Mahindra,Jeep MM 550 XDB
2016,225000.0,95000.0,Diesel,Chevrolet,Beat LS Diesel
2011,350000.0,35000.0,Diesel,Chevrolet,Cruze LTZ
2015,950000.0,3528.0,Diesel,Jeep,Wrangler Unlimited 4x4 Diesel
2013,485000.0,52500.0,Diesel,Maruti,Suzuki Ertiga VDi
2010,205000.0,47900.0,Diesel,Hyundai,Verna VGT CRDi SX ABS
2012,160000.0,14000.0,Petrol,Maruti,Suzuki Omni
2018,310000.0,37000.0,Petrol,Maruti,Suzuki Celerio VDi
2017,180000.0,90000.0,Diesel,Tata,Zest Quadrajet 1.3
2013,549900.0,52800.0,Diesel,Mahindra,XUV500 W6
2016,150000.0,104000.0,Diesel,Tata,Indigo CS eLX BS IV
2011,175000.0,30000.0,Petrol,Hyundai,i10 Era
2014,95000.0,195000.0,Diesel,Tata,Indigo eCS LX TDI BS III
2016,230000.0,104000.0,Diesel,Tata,Indigo LX TDI BS III
2016,230000.0,104000.0,Diesel,Tata,Indigo eCS LX CR4 BS IV
2004,180000.0,70000.0,Diesel,Tata,Indigo Marina LS
2015,400000.0,43000.0,Diesel,Hyundai,Xcent SX 1.2
2013,185000.0,23000.0,Petrol,Hyundai,Eon Magna Plus
2015,385000.0,51000.0,Diesel,Renault,Duster 85 PS RxL Diesel
2009,90000.0,62000.0,Petrol,Maruti,Suzuki Alto K10 LXi CNG
2010,32000.0,48008.0,Petrol,Tata,Nano LX Special Edition
2013,435000.0,39000.0,Diesel,Renault,Duster 110 PS RxZ Diesel
2010,225000.0,40000.0,Petrol,Maruti,Suzuki Wagon R AX BSIV
2006,189700.0,48247.0,Petrol,Maruti,Suzuki Swift
2012,389700.0,39000.0,Diesel,Maruti,Suzuki Ertiga
2014,365000.0,23000.0,Petrol,Maruti,Suzuki Swift VXi 1.2 ABS BS IV
2017,360000.0,9400.0,Petrol,Maruti,Suzuki Alto K10 New
2010,210000.0,50000.0,Petrol,Hyundai,i20 Magna
2009,170000.0,75000.0,Petrol,Hyundai,i10 Magna 1.2
2017,380000.0,70000.0,Diesel,Tata,Zest XE 75 PS Diesel
2009,295000.0,64000.0,Diesel,Mahindra,Xylo E8
2010,185000.0,55000.0,Petrol,Toyota,Corolla Altis GL Petrol
2014,160000.0,200000.0,Diesel,Tata,Manza Aqua Quadrajet
2018,290000.0,2137.0,Petrol,Renault,Kwid 1.0
2013,100000.0,30000.0,Diesel,Tata,Venture EX 8 STR
2014,315000.0,44000.0,Petrol,Maruti,Suzuki Swift Dzire Tour LXi
2006,114990.0,65000.0,Diesel,Skoda,Octavia Classic 1.9 TDI MT
2012,120000.0,160000.0,LPG,Maruti,Suzuki Omni LPG BS IV
2011,125000.0,56000.0,Diesel,Chevrolet,Beat Diesel
2012,210000.0,75000.0,Diesel,Tata,Sumo Gold EX BS IV
2018,855000.0,42000.0,Diesel,Hyundai,Verna 1.6 CRDI SX
2012,210000.0,75000.0,Diesel,Tata,Sumo Gold EX BS IV
2007,260000.0,56000.0,Diesel,Mahindra,Scorpio 2.6 CRDe
2002,95000.0,10544.0,Petrol,Maruti,Suzuki Zen LXi BS III
2011,255000.0,64000.0,Petrol,Maruti,Suzuki Swift Dzire VXi 1.2 BS IV
2008,300000.0,70000.0,Diesel,Mahindra,Scorpio SLX 2.6 Turbo 8 Str
2014,340000.0,25000.0,Petrol,Hyundai,Grand i10 Sportz 1.2 Kappa VTVT
2017,550000.0,15000.0,Petrol,Hyundai,Elite i20 Sportz 1.2
2003,60000.0,50000.0,Petrol,Ford,Ikon 1.6 Nxt
2011,750000.0,147000.0,Diesel,Toyota,Innova 2.5 V 7 STR
2011,230000.0,52000.0,Petrol,Nissan,Sunny XL
2012,130000.0,90001.0,Diesel,Chevrolet,Beat LT Diesel
2017,270000.0,21000.0,Petrol,Maruti,Suzuki Alto 800 Lxi
2012,280000.0,48006.0,Diesel,Maruti,Suzuki Swift VDi BS IV
2012,280000.0,48006.0,Diesel,Maruti,Suzuki Swift VDi BS IV
2012,280000.0,48006.0,Diesel,Maruti,Suzuki Swift
2012,600000.0,80000.0,Diesel,Toyota,Innova 2.0 G4
2010,190000.0,74000.0,Diesel,Maruti,Suzuki Swift VDi ABS
2015,500000.0,22000.0,Petrol,Hyundai,Elite i20 Asta 1.2
2016,1065000.0,41000.0,Diesel,Mahindra,XUV500 W10
2015,350000.0,25000.0,Diesel,Volkswagen,Polo Trendline 1.5L D
2012,350000.0,85000.0,Diesel,Toyota,Etios Liva Diesel
2016,540000.0,29500.0,Diesel,Mahindra,TUV300 T4 Plus
2015,470000.0,30000.0,Petrol,Hyundai,Elite i20 Asta 1.2
2014,179000.0,57000.0,Petrol,Hyundai,Santro Xing GLS
2003,48000.0,60000.0,Petrol,Maruti,Suzuki Zen LXi BS III
2016,650000.0,50000.0,Petrol,Maruti,Suzuki Ciaz ZXi Plus RS
2013,190000.0,39700.0,Petrol,Hyundai,Eon Era Plus
2012,500000.0,65000.0,Petrol,Hyundai,Elantra 1.8 S
2010,270000.0,67000.0,Diesel,Maruti,Suzuki Swift VDi
2008,125000.0,46000.0,Petrol,Maruti,Suzuki Zen Estilo LXI Green CNG
2012,188000.0,38000.0,Petrol,Hyundai,Eon Era Plus
2016,380000.0,27000.0,Petrol,Hyundai,Grand i10 Magna 1.2 Kappa VTVT
2011,365000.0,43000.0,Diesel,Hyundai,Verna Fluidic New
2014,465000.0,47000.0,Petrol,Ford,EcoSport Trend 1.5L Ti VCT
2011,240000.0,42000.0,Petrol,Hyundai,i20 Magna
2016,179999.0,19336.0,Diesel,Chevrolet,Beat Diesel
2015,140000.0,60105.0,Diesel,Tata,Indica eV2 LS
2013,2190000.0,29000.0,Diesel,Jaguar,XF 2.2 Diesel Luxury
2014,2390000.0,34000.0,Diesel,Audi,Q5 2.0 TDI quattro Premium Plus
2011,1075000.0,35000.0,Diesel,BMW,3 Series 320d Sedan
2015,475000.0,22000.0,Petrol,Maruti,Suzuki Swift ZXi 1.2 BS IV
2012,1025000.0,41000.0,Diesel,BMW,X1 sDrive20d
2016,615000.0,21000.0,Diesel,Maruti,Suzuki S Cross Sigma 1.3
2013,475000.0,48000.0,Diesel,Maruti,Suzuki Ertiga LDi
2016,270000.0,38000.0,Petrol,Maruti,Suzuki Alto K10 VXi AMT
2014,475000.0,34000.0,Diesel,Honda,City SV
2011,240000.0,45933.0,Petrol,Volkswagen,Vento Comfortline Petrol
2005,120000.0,68000.0,Petrol,Honda,City 1.5 EXi New
2016,1900000.0,44000.0,Diesel,Audi,A4 2.0 TDI 177bhp Premium
2017,360000.0,35000.0,Diesel,Mahindra,KUV100
2018,450000.0,102563.0,Diesel,Tata,Zest XE 75 PS Diesel
2015,900000.0,28600.0,Diesel,Mahindra,XUV500 W8
2017,650000.0,41800.0,Diesel,Maruti,Suzuki Swift Dzire Tour VDi
2014,275000.0,116000.0,Diesel,Tata,Sumo Gold LX BS IV
2009,210000.0,59000.0,Petrol,Maruti,Suzuki Swift Dzire VXi 1.2 BS IV
2004,175000.0,58000.0,Diesel,Mahindra,Scorpio 2.6 SLX
2009,85000.0,45000.0,Petrol,Maruti,Suzuki Omni 8 STR BS III
2015,1490000.0,42590.0,Diesel,Mitsubishi,Pajero Sport Limited Edition
2014,800000.0,7400.0,Diesel,Renault,Duster
2009,450000.0,54500.0,Diesel,Volkswagen,Jetta Comfortline 1.9 TDI AT
2012,1000000.0,200000.0,Diesel,Maruti,Suzuki Ertiga Vxi
2013,1510000.0,27000.0,Diesel,Audi,A4 2.0 TDI 177bhp Premium
2015,1850000.0,42000.0,Diesel,Volvo,S80 Summum D4
2014,790000.0,29000.0,Petrol,Toyota,Corolla Altis VL AT Petrol
2015,1725000.0,37000.0,Diesel,Mitsubishi,Pajero Sport 2.5 AT
2012,135000.0,36000.0,Petrol,Chevrolet,Beat LT Petrol
2011,1000000.0,34000.0,Diesel,BMW,X1
2018,299999.0,7000.0,Petrol,Datsun,Redi GO S
2009,1225000.0,76000.0,Diesel,Mercedes,Benz C Class C 220 CDI Avantgarde
2004,175000.0,60000.0,Diesel,Mahindra,Scorpio SLX
2011,200000.0,95000.0,Diesel,Volkswagen,Vento Comfortline Diesel
2017,270000.0,50000.0,Diesel,Tata,Indigo CS GLS
2019,525000.0,0.0,Petrol,Ford,Figo Petrol Titanium
2006,180000.0,50000.0,Petrol,Honda,City ZX GXi
2008,140000.0,68000.0,Petrol,Maruti,Suzuki Wagon R Duo Lxi
2014,400000.0,16000.0,Petrol,Ford,EcoSport Trend 1.5L TDCi
2016,499000.0,51000.0,Diesel,Maruti,Suzuki Swift Dzire VDi
2009,85000.0,56000.0,Petrol,Maruti,Suzuki Omni 8 STR BS III
2004,70000.0,100000.0,Petrol,Maruti,Suzuki Zen LX BSII
2015,550000.0,36000.0,Petrol,Renault,Duster RxL Petrol
2014,370000.0,11523.0,Petrol,Maruti,Suzuki Swift VXi 1.2 BS IV
2018,690000.0,1000.0,Petrol,Maruti,Suzuki Baleno Zeta 1.2
2009,250000.0,60000.0,Petrol,Honda,WR V S MT Petrol
2016,110000.0,85000.0,Diesel,Tata,Indigo CS eLX BS IV
2013,490000.0,38600.0,Diesel,Renault,Duster 110 PS RxL Diesel
2009,320000.0,95500.0,Diesel,Mahindra,Scorpio LX BS III
2004,68000.0,56000.0,Petrol,Maruti,Suzuki Zen LXi BS III
2014,130000.0,37458.0,Petrol,Maruti,Suzuki Wagon R LXi BS III
2016,970000.0,85960.0,Diesel,Maruti,Suzuki SX4 Celebration Diesel
2015,3100000.0,12516.0,Petrol,Audi,A3 Cabriolet 40 TFSI
2018,280000.0,35000.0,Petrol,Hyundai,Eon D Lite Plus
2009,125000.0,0.0,Petrol,Maruti,Suzuki Zen Estilo LXI Green CNG
2008,285000.0,80000.0,Diesel,Mahindra,Scorpio SLX
2011,165000.0,45000.0,Petrol,Hyundai,Santro AE GLS Audio
2009,250000.0,51000.0,Diesel,Maruti,Suzuki Swift Dzire Tour VDi
2015,865000.0,30000.0,Diesel,Mahindra,Scorpio S4
2011,390000.0,48000.0,Diesel,Mahindra,Xylo D2 BS IV
2003,60000.0,51000.0,Petrol,Hyundai,Santro
2015,215000.0,90000.0,Diesel,Chevrolet,Beat LT Diesel
2015,475000.0,43000.0,Diesel,Maruti,Suzuki Swift Dzire VDi
2015,899000.0,53000.0,Diesel,Mahindra,XUV500 W8
2013,1499000.0,97000.0,Diesel,Toyota,Fortuner 3.0 4x4 MT
2013,240000.0,20000.0,Petrol,Maruti,Suzuki Alto K10 VXi
2007,99000.0,55000.0,Petrol,Hyundai,Getz GLE
2014,260000.0,120000.0,Diesel,Maruti,Suzuki Swift Dzire Tour LDi
2019,1200000.0,0.0,Petrol,Hyundai,Creta 1.6 SX
2007,115000.0,46000.0,Petrol,Hyundai,Santro Xing XL AT eRLX Euro III
2009,88000.0,43200.0,Petrol,Hyundai,Santro Xing XL eRLX Euro III
2011,390000.0,56000.0,Diesel,Mahindra,Xylo D2 BS IV
2007,135000.0,42000.0,Petrol,Hyundai,Santro Xing XL eRLX Euro III
2009,90000.0,30600.0,Diesel,Tata,Indica V2 DLS BS III
2011,220000.0,38000.0,Petrol,Hyundai,i10 Sportz 1.2
2017,424999.0,2550.0,Petrol,Hyundai,Grand i10 Magna 1.2 Kappa VTVT
2007,135000.0,47000.0,Petrol,Hyundai,Santro Xing XL AT eRLX Euro III
2005,95000.0,41000.0,Petrol,Honda,City 1.5 E MT
2017,430000.0,62500.0,Diesel,Nissan,Micra XL
2005,115000.0,68000.0,Petrol,Honda,City 1.5 S Inspire
2015,215000.0,50000.0,Petrol,Maruti,Suzuki Alto 800 Lxi
2004,53000.0,69000.0,Petrol,Maruti,Suzuki Wagon R LX BS III
2012,500000.0,48000.0,Diesel,Maruti,Suzuki Ertiga VDi
2012,85000.0,55000.0,Diesel,Tata,Indica eV2 eXeta eGLX
2013,165000.0,25000.0,Petrol,Maruti,Suzuki Omni E 8 STR BS IV
2014,200000.0,28400.0,Petrol,Hyundai,Eon Era Plus
2014,200000.0,28000.0,Petrol,Hyundai,Eon
2015,425000.0,42000.0,Diesel,Maruti,Suzuki Swift LDi
2012,600000.0,29000.0,Diesel,Hyundai,Verna 1.6 CRDI SX Plus AT
2005,130000.0,68485.0,Diesel,Chevrolet,Tavera LS B3 10 Seats BSII
2018,430000.0,3500.0,Petrol,Tata,Tiago Revotron XM
2019,568500.0,0.0,Petrol,Tata,Tiago Revotorq XZ
2006,71000.0,32000.0,Petrol,Maruti,Suzuki Zen LXi BS III
2018,560000.0,8000.0,Diesel,Mahindra,KUV100 K8 D 6 STR
2014,590000.0,34000.0,Diesel,Ford,EcoSport Titanium 1.5 TDCi
1995,750000.0,37000.0,Petrol,Hindustan,Motors Ambassador Classic Mark 4 – Befo
2007,125000.0,85455.0,Diesel,Ford,Fusion 1.4 TDCi Diesel
2007,135000.0,46000.0,Petrol,Hyundai,Santro Xing XL AT eRLX Euro III
2002,60000.0,47000.0,Petrol,Hyundai,Santro
2009,120000.0,64000.0,Petrol,Fiat,Linea Emotion 1.4 L T Jet Petrol
2008,95000.0,46000.0,Petrol,Ford,Ikon 1.3 Flair Josh 100
2017,240000.0,8000.0,Petrol,Maruti,Suzuki Omni E 8 STR BS IV
2012,115000.0,64000.0,Diesel,Tata,Indica V2 LS
2015,795000.0,63000.0,Diesel,Mahindra,Scorpio S4
2007,55000.0,65000.0,Petrol,Hyundai,Santro Xing XL eRLX Euro III
2009,300000.0,62000.0,Diesel,Mahindra,Xylo D2
2014,320000.0,41000.0,Petrol,Hyundai,Grand i10 Asta 1.2 Kappa VTVT
2015,265000.0,14000.0,Petrol,Maruti,Suzuki Alto 800 Lxi
2006,160000.0,40000.0,Petrol,Toyota,Corolla
2017,300000.0,1600.0,Petrol,Hyundai,Eon Magna
2010,130000.0,90000.0,Diesel,Tata,Sumo Grande MKII GX
2011,250000.0,58000.0,Diesel,Maruti,Suzuki Swift VDi
2013,380000.0,27000.0,Petrol,Volkswagen,Polo Highline1.2L P
2003,42000.0,60000.0,Petrol,Maruti,Suzuki Alto 800 Lx
2017,400000.0,31000.0,Petrol,Tata,Tiago Revotron XZ
2009,120000.0,90000.0,Diesel,Maruti,Suzuki Swift LDi
2009,120000.0,90000.0,Diesel,Maruti,Suzuki Swift VDi
2016,130000.0,150000.0,Diesel,Tata,Indigo eCS
2014,189000.0,31000.0,Diesel,Chevrolet,Beat LS Diesel
2011,365000.0,43000.0,Diesel,Mahindra,Xylo E8 BS IV
2013,170000.0,20000.0,Petrol,Hyundai,Eon D Lite Plus
2013,215000.0,100000.0,Petrol,Tata,Sumo Gold FX BSIII
2013,60000.0,7000.0,Petrol,Tata,Nano
2017,599999.0,31000.0,Petrol,Hyundai,Elite i20
2009,400000.0,33000.0,Petrol,Hyundai,i10 Magna 1.2 Kappa2
2016,900000.0,60000.0,Diesel,Hyundai,Creta
2013,299999.0,48000.0,Diesel,Volkswagen,Polo
2014,374999.0,33000.0,Petrol,Maruti,Suzuki Dzire
2015,600000.0,15000.0,Petrol,Tata,Bolt XM Petrol
2005,70000.0,47000.0,Petrol,Maruti,Suzuki Alto 800 Lx
2005,100000.0,40000.0,Petrol,Maruti,Suzuki Alto
2010,150000.0,38000.0,Diesel,Maruti,Suzuki Ritz
2017,225000.0,12500.0,Petrol,Maruti,Suzuki Alto 800 Lxi
2009,210000.0,42000.0,Petrol,Maruti,Suzuki Dzire
2014,425000.0,31000.0,Petrol,Hyundai,i20 Asta
2008,162000.0,60000.0,Diesel,Maruti,Suzuki Swift Select Variant
2005,60000.0,80000.0,Diesel,Tata,Indica V2 DLX BS III
2014,650000.0,77000.0,Diesel,Mahindra,Scorpio VLX 2.2 mHawk Airbag BSIV
2012,750000.0,75000.0,Diesel,Toyota,Innova 2.5 E 8 STR
2010,375000.0,40000.0,Diesel,Mahindra,Xylo E8
2011,230000.0,47000.0,Petrol,Hyundai,i20 Magna 1.2
2000,35999.0,60000.0,Petrol,Maruti,Suzuki Omni
2016,380000.0,26500.0,Petrol,Mahindra,KUV100
2019,560000.0,2875.0,Petrol,Mahindra,KUV100 K8 6 STR
2016,285000.0,13900.0,Petrol,Datsun,Go Plus
2019,2900000.0,9000.0,Diesel,Ford,Endeavor 4x4 Thunder Plus
2005,39999.0,80000.0,Diesel,Tata,Indica V2
2006,85000.0,60000.0,Petrol,Hyundai,Santro Xing GL
2016,395000.0,20000.0,Petrol,Maruti,Suzuki Wagon R 1.0 VXi
2008,175000.0,58000.0,Diesel,Maruti,Suzuki Swift Select Variant
2019,400000.0,1500.0,Petrol,Maruti,Suzuki Alto 800 Lx
2011,750000.0,75000.0,Diesel,Toyota,Innova 2.5 Z Diesel 7 Seater
2016,250000.0,2450.0,Petrol,Maruti,Suzuki Alto 800
2019,425000.0,1625.0,Petrol,Maruti,Suzuki Alto AX
2017,525000.0,45000.0,Petrol,Volkswagen,Polo Highline1.2L P
2009,130000.0,65000.0,Diesel,Mahindra,Logan
2000,30000.0,33400.0,Petrol,Maruti,Suzuki 800 Std BS III
2011,475000.0,60123.0,Diesel,Mahindra,Scorpio
2013,300000.0,28000.0,Petrol,Chevrolet,Sail 1.2 LS
2003,60000.0,70000.0,Petrol,Hyundai,Santro AE GLS Audio
2006,100000.0,7000.0,Petrol,Maruti,Suzuki Wagon R VXi Minor
2018,260000.0,25000.0,Petrol,Hyundai,Eon
2015,100000.0,100000.0,Diesel,Tata,Manza
2013,265000.0,42000.0,Petrol,Toyota,Etios G
2009,115000.0,20000.0,Petrol,Hyundai,Getz Prime 1.3 GLX
2003,180000.0,100000.0,Diesel,Toyota,Qualis
2004,45000.0,137495.0,Petrol,Hyundai,Santro Xing
2016,50500.0,91200.0,Diesel,Tata,Indica eV2 LS
2009,270000.0,55000.0,Petrol,Honda,City 1.5 S MT
2017,290000.0,120000.0,Diesel,Tata,Zest XE 75 PS Diesel
2013,325000.0,63000.0,Diesel,Mahindra,Quanto C4
2016,160000.0,104000.0,Diesel,Tata,Indigo eCS LX CR4 BS IV
2016,350000.0,146000.0,Diesel,Maruti,Suzuki Swift Dzire
2011,290000.0,40000.0,Petrol,Hyundai,Elite i20
2011,290000.0,40000.0,Petrol,Hyundai,i20 Select Variant
2007,465000.0,100800.0,Diesel,Chevrolet,Tavera Neo
2016,325000.0,150000.0,Diesel,Maruti,Suzuki Dzire
2018,510000.0,2100.0,Petrol,Hyundai,Elite i20
2016,860000.0,95000.0,Petrol,Honda,City VX Petrol
2016,450000.0,2500.0,Diesel,Maruti,Suzuki Dzire
2006,125000.0,80000.0,Petrol,Hyundai,Getz
2006,500001.0,15000.0,Petrol,Mercedes,Benz C Class 200 K MT
2005,95000.0,65000.0,Petrol,Maruti,Suzuki Alto LXi BS III
2009,250000.0,51000.0,Diesel,Maruti,Suzuki Swift Dzire Tour VDi
2009,110000.0,45000.0,Petrol,Skoda,Fabia
2011,270000.0,50000.0,Petrol,Maruti,Suzuki Ritz VXI ABS
2009,110000.0,30000.0,Diesel,Tata,Indica V2 DLE BS III
2009,300000.0,132000.0,Petrol,Toyota,Corolla Altis
2018,260000.0,27000.0,Diesel,Tata,Zest XM Diesel
2013,390000.0,40000.0,Diesel,Mahindra,Quanto C8
